,no,player,team,avg,game,pa,ab,r,h,2b,3b,hr,tb,rbi,sb,cs,sac,sf,bb,ibb,db,so,gidp,slg,obp
2,1,マートン,(神),.338,142,591,532,58,180,32,0,14,254,84,2,5,0,6,46,4,7,64,19,.477,.394
3,2,菊池　涼介,(広),.325,144,654,579,88,188,39,2,11,264,58,23,10,43,5,24,0,3,79,9,.456,.352
4,3,山田　哲人,(ヤ),.324,143,685,596,106,193,39,1,29,321,89,15,5,2,5,74,2,8,95,10,.539,.403
5,4,大島　洋平,(中),.318,141,642,585,92,186,18,2,2,214,28,28,12,6,2,43,1,6,56,3,.366,.369
6,5,ルナ,(中),.317,127,527,467,80,148,25,5,17,234,73,8,2,0,4,51,3,5,98,11,.501,.387
7,6,雄平,(ヤ),.316,141,597,547,97,173,28,3,23,276,90,10,2,1,0,48,0,1,103,11,.505,.372
8,7,鳥谷　敬,(神),.313,144,644,550,96,172,28,2,8,228,73,10,6,1,4,87,3,2,80,14,.415,.406
9,8,畠山　和洋,(ヤ),.310,113,464,422,52,131,19,1,17,203,79,2,0,1,3,36,1,2,54,17,.481,.365
10,9,丸　佳浩,(広),.310,144,644,536,106,166,30,5,19,263,67,26,11,0,4,100,3,4,95,12,.491,.419
11,10,川端　慎吾,(ヤ),.305,142,637,580,86,177,33,2,10,244,69,2,2,8,3,43,1,3,62,10,.421,.355
12,11,バレンティン,(ヤ),.301,112,446,366,61,110,12,0,31,215,69,2,0,0,3,75,5,2,95,10,.587,.419
13,12,筒香　嘉智,(デ),.300,114,461,410,58,123,24,2,22,217,77,2,1,0,2,47,6,2,100,7,.529,.373
14,13,長野　久義,(巨),.297,130,523,472,67,140,29,1,13,210,62,8,4,4,2,42,0,3,75,8,.445,.356
15,14,森野　将彦,(中),.288,141,588,507,64,146,34,0,13,219,86,3,0,5,6,69,2,1,66,20,.432,.370
16,15,ゴメス,(神),.283,143,616,537,81,152,30,2,26,264,109,1,0,0,4,67,0,8,166,17,.492,.369
17,16,坂本　勇人,(巨),.279,144,616,545,82,152,29,0,16,229,61,23,5,9,5,55,1,2,88,3,.420,.344
18,17,平田　良介,(中),.277,119,488,429,55,119,17,1,11,171,65,7,2,0,4,54,0,1,65,13,.399,.357
19,18,上本　博紀,(神),.276,131,600,515,90,142,28,5,7,201,38,20,10,7,2,70,0,6,97,7,.390,.368
20,19,荒木　雅博,(中),.268,109,471,395,46,106,17,2,1,130,21,17,1,33,1,39,1,3,63,7,.329,.338
21,20,大和,(神),.264,121,481,398,54,105,17,1,1,127,24,11,7,50,1,28,1,4,52,7,.319,.318
22,21,梶谷　隆幸,(デ),.263,142,609,525,76,138,26,9,16,230,72,39,8,3,4,70,5,7,135,12,.438,.355
23,22,エルドレッド,(広),.260,118,505,454,71,118,18,0,37,247,104,2,0,0,3,41,3,7,169,8,.544,.329
24,23,村田　修一,(巨),.256,143,575,519,49,133,17,0,21,213,68,2,2,0,4,39,1,13,83,22,.410,.322
25,24,バルディリス,(デ),.255,139,510,451,44,115,29,1,17,197,52,0,1,0,5,43,2,11,66,20,.437,.331
26,25,片岡　治大,(巨),.252,126,484,429,54,108,16,2,6,146,32,24,7,23,0,29,1,3,51,14,.340,.304
27,26,石川　雄洋,(デ),.248,138,539,483,66,120,16,5,7,167,36,9,3,16,0,32,0,8,98,9,.346,.306
28,27,阿部　慎之助,(巨),.248,131,526,459,49,114,24,0,19,195,57,1,3,0,2,58,5,7,77,16,.425,.340
2,1,糸井　嘉男,(オ),.331,140,590,502,73,166,36,2,19,263,81,31,9,0,4,70,7,14,73,7,.524,.424
3,2,銀次,(楽),.327,117,509,459,59,150,26,0,4,188,70,1,4,1,4,43,0,2,45,10,.410,.384
4,3,柳田　悠岐,(ソ),.317,144,615,524,91,166,18,4,15,237,70,33,6,0,3,72,5,16,131,8,.452,.413
5,4,中村　晃,(ソ),.308,143,638,571,75,176,22,4,4,218,61,10,2,3,2,59,2,3,61,4,.382,.375
6,5,内川　聖一,(ソ),.307,122,534,488,50,150,26,1,18,232,74,0,0,0,7,34,6,5,48,5,.475,.354
7,6,李　大浩,(ソ),.300,144,625,566,60,170,30,0,19,257,68,0,3,0,3,46,0,10,97,18,.454,.362
8,7,長谷川　勇也,(ソ),.300,135,541,473,58,142,30,3,6,196,55,7,7,0,7,54,2,7,95,8,.414,.375
9,8,陽　岱鋼,(日),.293,125,540,471,77,138,18,1,25,233,85,20,6,9,3,45,0,12,108,10,.495,.367
10,9,松井　稼頭央,(楽),.291,128,488,444,57,129,32,3,8,191,46,9,0,2,5,36,0,1,78,9,.430,.342
11,10,メヒア,(西),.290,106,450,396,56,115,11,1,34,230,73,2,1,0,3,45,1,6,156,4,.581,.369
12,11,栗山　巧,(西),.288,144,642,532,64,153,34,4,3,204,61,3,2,2,9,96,2,3,100,9,.383,.394
13,12,鈴木　大地,(ロ),.287,144,610,533,60,153,29,7,3,205,43,7,1,22,4,45,0,6,57,1,.385,.347
14,13,岡島　豪郎,(楽),.283,142,618,545,77,154,27,3,7,208,53,9,10,9,3,57,2,4,71,7,.382,.353
15,14,角中　勝也,(ロ),.277,133,544,451,62,125,22,5,8,181,57,9,1,7,4,76,0,6,66,4,.401,.385
16,15,浅村　栄斗,(西),.273,118,501,440,52,120,19,1,14,183,55,3,5,0,8,47,2,6,100,8,.416,.345
17,16,今江　敏晃,(ロ),.270,120,478,445,48,120,23,3,10,179,54,1,1,4,1,23,0,5,43,13,.402,.312
18,17,中田　翔,(日),.269,144,602,531,64,143,18,0,27,242,100,0,0,0,7,58,3,6,89,12,.456,.344
19,18,Ｔ－岡田,(オ),.269,130,533,472,67,127,28,0,24,227,75,4,4,5,2,37,4,17,107,10,.481,.343
20,19,藤田　一也,(楽),.269,144,579,517,46,139,15,2,2,164,36,3,5,41,2,16,0,3,55,12,.317,.294
21,20,平野　恵一,(オ),.268,120,517,452,59,121,14,3,1,144,28,5,2,19,2,37,0,7,55,8,.319,.331
22,21,西川　遥輝,(日),.265,143,637,555,90,147,19,13,8,216,57,43,11,16,0,63,1,3,139,1,.389,.343
23,22,安達　了一,(オ),.259,143,601,486,73,126,13,5,8,173,50,29,10,45,4,58,0,8,79,8,.356,.345
24,23,中島　卓也,(日),.259,126,461,382,55,99,9,3,0,114,32,28,9,35,1,43,0,0,92,4,.298,.333
25,24,秋山　翔吾,(西),.259,131,561,475,64,123,24,6,4,171,47,3,3,11,2,70,2,3,98,4,.360,.356
26,25,中村　剛也,(西),.257,111,466,382,68,98,19,1,34,221,90,0,0,0,3,79,0,2,124,13,.579,.384
27,26,ペーニャ,(オ),.255,140,572,502,68,128,20,0,32,244,90,2,0,0,1,59,6,10,124,15,.486,.344
28,27,ヘルマン,(オ),.250,141,595,532,62,133,28,1,7,184,52,30,16,2,3,54,1,4,95,17,.346,.322
29,28,大引　啓次,(日),.245,132,512,432,44,106,16,3,5,143,47,21,6,26,2,51,0,1,98,11,.331,.325
30,29,今宮　健太,(ソ),.240,144,662,551,61,132,26,1,3,169,42,10,5,62,4,41,0,4,104,10,.307,.295
31,30,クルーズ,(ロ),.238,126,478,453,38,108,32,1,16,190,61,1,2,0,5,18,1,2,47,13,.419,.268
32,31,ジョーンズ,(楽),.221,138,581,448,69,99,20,0,24,191,71,2,3,0,3,118,5,12,140,16,.426,.394
2,1,川端　慎吾,(ヤ),.336,143,632,581,87,195,34,1,8,255,57,4,3,2,2,43,0,3,72,15,.439,.383
3,2,山田　哲人,(ヤ),.329,143,646,557,119,183,39,2,38,340,100,34,4,0,3,81,1,5,111,11,.610,.416
4,3,筒香　嘉智,(デ),.317,138,568,496,79,157,28,1,24,259,93,0,0,0,2,68,0,2,98,5,.522,.400
5,4,ルナ,(中),.292,134,564,496,61,145,26,1,8,197,60,11,0,0,6,57,2,5,77,13,.397,.367
6,5,ロペス,(デ),.291,140,565,516,63,150,29,1,25,256,73,1,1,0,3,44,3,2,82,14,.496,.347
7,6,平田　良介,(中),.283,130,559,491,76,139,27,3,13,211,53,11,7,1,0,64,1,3,86,5,.430,.369
8,7,鳥谷　敬,(神),.281,143,646,551,69,155,21,4,6,202,42,9,6,2,3,89,2,1,77,8,.367,.380
9,8,福留　孝介,(神),.281,140,569,495,53,139,24,3,20,229,76,1,2,1,7,65,1,1,75,15,.463,.361
10,9,マートン,(神),.276,140,583,544,46,150,27,0,9,204,59,0,1,0,5,31,0,3,77,21,.375,.316
11,10,梶谷　隆幸,(デ),.275,134,578,520,70,143,35,2,13,221,66,28,13,2,2,54,0,0,132,4,.425,.342
12,11,新井　貴浩,(広),.275,125,480,426,52,117,22,2,7,164,57,3,0,0,4,48,1,2,73,15,.385,.348
13,12,田中　広輔,(広),.274,141,590,543,61,149,33,9,8,224,45,6,7,5,1,34,2,7,105,8,.413,.325
14,13,ゴメス,(神),.271,143,601,520,49,141,28,0,17,220,72,0,1,0,3,72,1,6,134,15,.423,.364
15,14,エルナンデス,(中),.271,138,548,498,54,135,27,2,11,199,58,5,3,10,4,35,1,0,106,13,.400,.317
16,15,雄平,(ヤ),.270,141,585,551,57,149,33,4,8,214,60,7,4,1,3,27,1,3,82,7,.388,.307
17,16,坂本　勇人,(巨),.269,130,558,479,50,129,21,3,12,192,68,10,4,9,5,65,1,0,79,5,.401,.353
18,17,畠山　和洋,(ヤ),.268,137,584,512,64,137,26,0,26,241,105,0,0,0,8,62,0,2,92,10,.471,.344
19,18,大島　洋平,(中),.260,142,620,565,70,147,20,4,6,193,27,22,8,10,1,39,1,5,65,5,.342,.313
20,19,バルディリス,(デ),.258,139,525,465,38,120,23,0,13,182,56,0,0,0,5,43,2,12,62,12,.391,.333
21,20,菊池　涼介,(広),.254,143,644,562,62,143,20,3,8,193,32,19,9,49,2,29,2,2,92,7,.343,.292
22,21,上本　博紀,(神),.253,108,452,375,44,95,18,1,4,127,31,19,11,29,0,44,1,4,69,1,.339,.338
23,22,長野　久義,(巨),.251,130,479,434,49,109,20,3,15,180,52,3,2,5,2,34,0,4,81,12,.415,.310
24,23,丸　佳浩,(広),.249,143,633,530,81,132,28,1,19,219,63,15,7,4,4,94,2,1,143,4,.413,.361
25,24,中村　悠平,(ヤ),.231,136,502,442,36,102,14,0,2,122,33,3,2,14,2,40,1,4,80,9,.276,.299
2,1,柳田　悠岐,(ソ),.363,138,605,502,110,182,31,1,34,317,99,32,8,0,1,88,4,14,101,9,.631,.469
3,2,秋山　翔吾,(西),.359,143,675,602,108,216,36,10,14,314,55,17,17,7,2,60,2,4,78,6,.522,.419
4,3,近藤　健介,(日),.326,129,504,435,68,142,33,2,8,203,60,6,2,3,5,59,2,2,59,9,.467,.405
5,4,清田　育宏,(ロ),.317,130,548,489,67,155,38,4,15,246,67,10,4,0,2,54,0,3,93,11,.503,.387
6,5,中村　晃,(ソ),.300,135,590,506,58,152,22,0,1,177,39,7,4,9,3,66,0,6,47,7,.350,.386
7,6,角中　勝也,(ロ),.293,111,484,427,57,125,20,5,6,173,52,8,4,7,2,47,0,1,52,12,.405,.363
8,7,松田　宣浩,(ソ),.287,143,603,533,91,153,22,2,35,284,94,8,10,0,8,60,3,2,135,17,.533,.357
9,8,森　友哉,(西),.287,138,531,474,51,136,33,1,17,222,68,0,4,0,3,44,3,9,143,5,.468,.357
10,9,田中　賢介,(日),.284,134,596,532,62,151,20,2,4,187,66,9,3,5,1,57,0,1,58,9,.352,.354
11,10,内川　聖一,(ソ),.284,136,585,529,60,150,24,1,11,209,82,1,0,0,7,45,2,4,55,24,.395,.340
12,11,李　大浩,(ソ),.282,141,584,510,68,144,30,0,31,267,98,0,1,0,3,62,0,9,109,17,.524,.368
13,12,中村　剛也,(西),.278,139,599,521,82,145,35,0,37,291,124,1,0,0,3,68,4,7,172,12,.559,.367
14,13,西川　遥輝,(日),.276,125,521,442,68,122,18,9,5,173,35,30,7,15,0,60,2,4,98,1,.391,.368
15,14,藤田　一也,(楽),.270,111,451,392,38,106,14,1,5,137,43,8,3,16,7,28,2,8,30,3,.349,.326
16,15,浅村　栄斗,(西),.270,141,627,537,88,145,19,2,13,207,81,12,9,2,7,69,0,12,136,13,.385,.362
17,16,ペーニャ,(楽),.268,125,492,406,51,109,20,1,17,182,40,1,3,0,0,70,0,16,111,5,.448,.396
18,17,栗山　巧,(西),.268,142,622,533,66,143,25,0,10,198,42,3,1,8,4,72,0,5,88,15,.371,.358
19,18,中島　卓也,(日),.264,143,617,515,69,136,8,2,0,148,39,34,7,34,0,66,0,2,93,10,.287,.350
20,19,中田　翔,(日),.263,143,611,539,72,142,26,0,30,258,102,1,0,0,7,64,4,1,120,11,.479,.339
21,20,鈴木　大地,(ロ),.263,142,564,487,60,128,24,4,6,178,50,1,5,24,3,47,1,3,58,10,.366,.330
22,21,糸井　嘉男,(オ),.262,132,565,484,61,127,22,0,17,200,68,11,4,0,1,72,2,8,78,10,.413,.366
23,22,松井　稼頭央,(楽),.256,126,501,445,52,114,17,1,10,163,48,14,2,7,3,43,3,3,82,7,.366,.324
24,23,クルーズ,(ロ),.255,133,532,501,48,128,23,1,16,201,73,0,0,0,5,24,1,2,66,7,.401,.289
25,24,中島　裕之,(オ),.240,117,483,417,43,100,19,0,10,149,46,1,2,0,1,53,1,12,93,10,.357,.342
26,25,安達　了一,(オ),.239,139,593,506,57,121,16,3,11,176,55,16,15,29,4,48,0,6,68,11,.348,.310
27,26,後藤　光尊,(楽),.237,117,444,413,31,98,18,0,9,143,42,13,8,10,4,12,0,5,48,8,.346,.265
28,27,メヒア,(西),.235,135,525,473,52,111,31,0,27,223,89,0,0,0,2,45,1,5,153,14,.471,.307
29,28,レアード,(日),.231,143,554,498,62,115,22,2,34,243,97,1,0,0,4,43,0,9,129,18,.488,.301
30,29,今宮　健太,(ソ),.228,142,530,457,52,104,18,3,7,149,45,3,3,35,4,34,0,0,83,13,.326,.279
31,30,炭谷　銀仁朗,(西),.211,133,443,399,31,84,16,0,4,112,35,0,0,22,2,16,0,4,87,7,.281,.247
2,1,坂本　勇人,(巨),.344,137,576,488,96,168,28,3,23,271,75,13,3,1,6,81,2,0,67,6,.555,.433
3,2,鈴木　誠也,(広),.335,129,528,466,76,156,26,8,29,285,95,16,11,3,3,53,1,3,79,10,.612,.404
4,3,筒香　嘉智,(デ),.322,133,561,469,89,151,28,4,44,319,110,0,1,0,2,87,1,3,105,6,.680,.430
5,4,菊池　涼介,(広),.315,141,640,574,92,181,22,3,13,248,56,13,5,23,3,40,0,0,106,3,.432,.358
6,5,福留　孝介,(神),.311,131,523,453,52,141,25,3,11,205,59,0,1,0,6,61,5,3,78,6,.453,.392
7,6,山田　哲人,(ヤ),.304,133,590,481,102,146,26,3,38,292,102,30,2,0,4,97,0,8,101,16,.607,.425
8,7,村田　修一,(巨),.302,143,576,529,58,160,32,0,25,267,81,1,3,2,2,38,0,5,83,21,.505,.354
9,8,川端　慎吾,(ヤ),.302,103,458,420,48,127,22,1,1,154,32,3,0,1,2,34,0,1,31,13,.367,.354
10,9,新井　貴浩,(広),.300,132,513,454,66,136,23,2,19,220,101,0,1,0,4,54,1,1,101,12,.485,.372
11,10,坂口　智隆,(ヤ),.295,141,607,526,74,155,14,5,0,179,39,7,4,5,5,63,0,8,66,5,.340,.375
12,11,倉本　寿彦,(デ),.294,141,566,534,38,157,19,2,1,183,38,2,3,5,3,22,0,2,98,13,.343,.323
13,12,大島　洋平,(中),.292,143,656,599,80,175,27,9,3,229,27,26,12,4,1,46,1,6,69,3,.382,.348
14,13,丸　佳浩,(広),.291,143,652,557,98,162,30,8,20,268,90,23,9,1,3,84,1,7,107,9,.481,.389
15,14,桑原　将志,(デ),.284,133,522,462,80,131,23,2,11,191,49,19,11,8,0,38,0,14,93,5,.413,.356
16,15,長野　久義,(巨),.283,143,618,576,58,163,28,4,11,232,42,8,2,1,3,33,0,5,78,7,.403,.326
17,16,髙山　俊,(神),.275,134,530,494,48,136,23,5,8,193,65,5,4,2,3,27,1,4,109,8,.391,.316
18,17,ビシエド,(中),.274,119,471,416,63,114,22,0,22,202,68,1,0,0,3,44,0,8,68,13,.486,.352
19,18,梶谷　隆幸,(デ),.273,107,450,396,69,108,20,4,18,190,56,26,7,1,0,49,0,4,110,2,.480,.359
20,19,バレンティン,(ヤ),.269,132,537,457,64,123,20,0,31,236,96,0,1,0,5,72,2,3,116,19,.516,.369
21,20,田中　広輔,(広),.265,143,679,581,102,154,17,3,13,216,39,28,19,3,1,77,1,17,119,1,.372,.367
22,21,ロペス,(デ),.263,123,518,483,66,127,27,1,34,258,95,0,0,0,7,24,0,4,75,12,.534,.299
23,22,ギャレット,(巨),.258,123,465,422,48,109,22,1,24,205,68,0,1,0,0,39,0,4,106,10,.486,.327
24,23,ゴメス,(神),.255,139,554,498,58,127,20,0,22,213,79,2,1,0,3,48,3,5,130,13,.428,.325
25,24,堂上　直倫,(中),.254,131,507,456,38,116,25,3,6,165,46,1,1,20,2,27,0,2,69,14,.362,.298
26,25,平田　良介,(中),.248,118,494,416,61,103,24,1,14,171,73,4,2,0,4,72,1,2,89,5,.411,.358
27,26,鳥谷　敬,(神),.236,143,533,449,49,106,16,1,7,145,36,13,3,1,6,75,0,2,80,12,.323,.344
28,27,小林　誠司,(巨),.204,129,458,398,27,81,12,1,4,107,35,2,1,19,1,36,5,4,76,10,.269,.276
2,1,角中　勝也,(ロ),.339,143,607,525,74,178,30,5,8,242,69,12,4,2,6,68,6,6,64,8,.461,.417
3,2,西川　遥輝,(日),.314,138,593,493,76,155,18,4,5,196,43,41,5,22,2,73,0,3,113,0,.398,.405
4,3,浅村　栄斗,(西),.309,143,611,557,73,172,40,0,24,284,82,8,6,3,6,38,0,7,108,18,.510,.357
5,4,糸井　嘉男,(オ),.306,143,616,532,79,163,24,1,17,240,70,53,17,0,2,75,5,7,84,13,.451,.398
6,5,柳田　悠岐,(ソ),.306,120,536,428,82,131,31,4,18,224,73,23,2,0,0,100,2,8,97,8,.523,.446
7,6,内川　聖一,(ソ),.304,141,605,556,62,169,19,0,18,242,106,3,2,0,9,38,2,2,53,27,.435,.345
8,7,秋山　翔吾,(西),.296,143,671,578,98,171,32,4,11,244,62,18,6,0,6,77,2,10,103,2,.422,.385
9,8,陽　岱鋼,(日),.293,130,555,495,66,145,24,1,14,213,61,5,6,7,1,42,1,10,121,10,.430,.359
10,9,中村　晃,(ソ),.287,143,612,488,69,140,21,1,7,184,50,6,5,9,4,99,4,12,53,8,.377,.416
11,10,鈴木　大地,(ロ),.285,143,583,501,62,143,30,2,6,195,61,3,1,16,7,50,2,9,56,9,.389,.356
12,11,Ｔ－岡田,(オ),.284,123,513,454,56,129,25,0,20,214,76,5,1,0,5,47,5,7,105,12,.471,.357
13,12,デスパイネ,(ロ),.280,134,570,496,81,139,27,0,24,238,92,0,3,0,7,64,3,3,89,25,.480,.361
14,13,栗山　巧,(西),.279,135,569,477,52,133,30,2,3,176,41,0,0,0,3,83,0,6,87,9,.369,.390
15,14,茂木　栄五郎,(楽),.278,117,481,424,56,118,20,7,7,173,40,11,4,21,2,30,0,4,95,8,.408,.330
16,15,銀次,(楽),.274,125,497,424,39,116,17,1,2,141,43,1,1,4,3,61,5,5,49,20,.333,.369
17,16,安達　了一,(オ),.273,118,488,403,51,110,15,1,1,130,34,6,6,35,4,42,0,4,53,4,.323,.344
18,17,田中　賢介,(日),.272,143,626,541,61,147,14,1,2,169,53,22,8,3,4,69,3,9,56,4,.312,.361
19,18,金子　侑司,(西),.265,129,520,460,64,122,12,3,1,143,33,53,17,13,1,40,0,6,69,5,.311,.331
20,19,ウィーラー,(楽),.265,140,589,517,74,137,25,2,27,247,88,2,1,0,2,58,0,12,123,10,.478,.351
21,20,藤田　一也,(楽),.265,120,449,408,27,108,13,5,0,131,46,1,1,18,3,19,0,1,44,7,.321,.297
22,21,西野　真弘,(オ),.264,143,610,538,63,142,16,7,2,178,33,16,5,13,1,56,0,2,55,7,.331,.335
23,22,レアード,(日),.263,143,598,547,71,144,21,0,39,282,97,0,0,0,4,44,1,3,138,16,.516,.319
24,23,松田　宣浩,(ソ),.259,143,609,548,79,142,23,5,27,256,85,6,6,0,5,48,2,8,141,14,.467,.325
25,24,メヒア,(西),.252,137,583,511,73,129,26,0,35,260,103,1,1,0,7,59,4,6,148,15,.509,.333
26,25,岡島　豪郎,(楽),.252,127,485,420,44,106,13,4,6,145,35,7,9,6,3,46,2,10,49,4,.345,.338
27,26,中田　翔,(日),.250,141,624,569,61,142,26,1,25,245,110,2,1,0,5,47,1,3,126,14,.431,.308
28,27,今宮　健太,(ソ),.245,137,590,497,74,122,22,5,10,184,56,8,4,38,5,47,0,3,86,7,.370,.312
29,28,中島　卓也,(日),.243,143,600,473,66,115,10,1,0,127,28,23,9,62,1,63,0,1,117,5,.268,.333
2,1,宮﨑　敏郎,(デ),.323,128,523,480,53,155,28,1,15,230,62,0,0,0,1,38,1,4,47,23,.479,.377
3,2,マギー,(巨),.315,139,586,523,67,165,48,1,18,269,77,4,1,0,4,58,4,1,107,20,.514,.382
4,3,大島　洋平,(中),.313,119,521,476,50,149,20,3,3,184,29,23,6,1,3,37,0,4,66,5,.387,.365
5,4,安部　友裕,(広),.310,123,455,413,63,128,17,4,4,165,49,17,5,12,1,27,1,2,94,3,.400,.354
6,5,丸　佳浩,(広),.308,143,651,556,109,171,35,3,23,281,92,13,3,2,6,83,0,4,113,6,.505,.398
7,6,ロペス,(デ),.301,142,606,569,72,171,42,0,30,303,105,0,0,0,8,27,0,2,80,14,.533,.330
8,7,鈴木　誠也,(広),.300,115,512,437,85,131,28,1,26,239,90,16,6,0,7,62,0,6,80,12,.547,.389
9,8,鳥谷　敬,(神),.293,143,570,488,57,143,23,3,4,184,41,8,7,1,2,77,3,2,62,13,.377,.390
10,9,坂本　勇人,(巨),.291,142,614,539,82,157,30,0,15,232,61,14,6,1,3,68,2,3,85,16,.430,.372
11,10,糸井　嘉男,(神),.290,114,493,427,60,124,16,0,17,191,62,21,6,0,2,59,0,5,62,12,.447,.381
12,11,田中　広輔,(広),.290,143,679,565,105,164,32,5,8,230,60,35,13,6,4,89,2,15,120,5,.407,.398
13,12,坂口　智隆,(ヤ),.290,136,607,535,51,155,16,2,4,187,38,4,3,5,3,59,2,5,76,6,.350,.364
14,13,筒香　嘉智,(デ),.284,139,601,503,85,143,31,0,28,258,94,1,0,0,3,93,3,2,115,7,.513,.396
15,14,上本　博紀,(神),.284,125,488,409,57,116,20,1,9,165,38,16,1,23,2,50,0,4,71,7,.403,.366
16,15,ゲレーロ,(中),.279,130,510,469,67,131,22,3,35,264,86,1,0,0,2,24,0,15,98,13,.563,.333
17,16,菊池　涼介,(広),.271,138,629,565,87,153,28,3,14,229,56,8,7,30,1,32,0,1,107,9,.405,.311
18,17,桑原　将志,(デ),.269,143,664,598,87,161,38,5,13,248,52,10,11,10,0,45,0,11,116,8,.415,.332
19,18,京田　陽太,(中),.264,141,602,564,67,149,23,8,4,200,36,23,13,10,1,18,0,9,105,5,.355,.297
20,19,福留　孝介,(神),.263,127,526,441,68,116,20,3,18,196,79,1,2,1,4,77,1,3,92,17,.444,.373
21,20,倉本　寿彦,(デ),.262,143,539,507,49,133,27,1,2,168,50,3,1,9,1,18,0,4,102,10,.331,.292
22,21,阿部　慎之助,(巨),.262,129,512,455,41,119,13,0,15,177,76,0,1,1,7,41,1,8,67,13,.389,.329
23,22,長野　久義,(巨),.261,134,516,463,52,121,20,3,16,195,46,6,0,1,1,46,2,5,98,17,.421,.334
24,23,バレンティン,(ヤ),.254,125,519,445,60,113,14,1,32,225,80,0,1,0,1,70,0,3,112,18,.506,.358
25,24,山田　哲人,(ヤ),.247,143,624,526,79,130,25,1,24,229,78,14,4,0,1,91,1,6,132,15,.435,.364
26,25,中村　悠平,(ヤ),.243,127,486,419,42,102,14,4,4,136,34,2,1,11,4,42,0,10,65,14,.325,.324
27,26,梶谷　隆幸,(デ),.243,137,578,511,83,124,27,2,21,218,60,21,3,0,2,62,2,3,157,10,.427,.327
28,27,中谷　将大,(神),.241,133,455,411,64,99,21,1,20,182,61,2,1,0,3,36,2,5,96,5,.443,.308
29,28,小林　誠司,(巨),.206,138,443,378,25,78,11,1,2,97,27,2,0,19,3,41,4,2,64,12,.257,.285
2,1,秋山　翔吾,(西),.322,143,659,575,106,185,38,5,25,308,89,16,5,0,7,72,1,5,97,4,.536,.398
3,2,柳田　悠岐,(ソ),.310,130,551,448,95,139,30,1,31,264,99,14,7,0,7,89,8,7,123,6,.589,.426
4,3,茂木　栄五郎,(楽),.296,103,450,398,64,118,25,2,17,198,47,3,2,4,1,45,1,2,84,4,.497,.370
5,4,西川　遥輝,(日),.296,138,623,541,82,160,26,6,9,225,44,39,5,6,3,69,0,4,103,6,.416,.378
6,5,銀次,(楽),.293,143,590,529,55,155,30,0,3,194,60,2,1,1,2,56,1,2,74,11,.367,.362
7,6,浅村　栄斗,(西),.291,143,633,574,78,167,34,1,19,260,99,5,1,1,6,44,0,8,96,17,.453,.347
8,7,中島　宏之,(オ),.285,124,489,431,36,123,19,0,9,169,49,0,0,0,5,46,0,7,93,11,.392,.360
9,8,ペゲーロ,(楽),.281,120,517,463,67,130,17,1,26,227,75,3,2,0,0,50,3,4,139,16,.490,.356
10,9,小谷野　栄一,(オ),.277,130,506,470,41,130,14,1,6,164,47,0,0,3,2,28,0,3,60,13,.349,.320
11,10,松本　剛,(日),.274,115,448,402,46,110,17,0,5,142,33,6,3,21,1,21,1,3,61,7,.353,.314
12,11,ウィーラー,(楽),.271,142,605,542,75,147,27,0,31,267,82,7,3,0,3,50,4,10,98,14,.493,.342
13,12,中村　晃,(ソ),.270,143,600,511,66,138,19,2,6,179,42,3,5,14,5,67,0,3,57,5,.350,.355
14,13,源田　壮亮,(西),.270,143,647,575,85,155,18,10,3,202,57,37,10,26,4,36,0,6,100,5,.351,.317
15,14,角中　勝也,(ロ),.269,110,452,383,44,103,17,4,8,152,44,6,1,1,2,62,4,4,44,6,.397,.375
16,15,Ｔ－岡田,(オ),.266,143,593,504,77,134,19,0,31,246,68,2,1,0,1,83,1,5,141,10,.488,.374
17,16,島内　宏明,(楽),.265,143,577,494,62,131,14,3,14,193,47,3,6,12,3,64,0,4,67,8,.391,.352
18,17,今宮　健太,(ソ),.264,141,623,526,78,139,27,7,14,222,64,15,4,52,3,38,0,4,93,12,.422,.317
19,18,松田　宣浩,(ソ),.264,143,577,531,64,140,19,6,24,243,71,5,2,0,2,43,2,1,128,16,.458,.319
20,19,デスパイネ,(ソ),.262,136,545,478,66,125,15,0,35,245,103,3,1,0,3,59,2,5,119,14,.513,.347
21,20,上林　誠知,(ソ),.260,134,453,415,54,108,23,5,13,180,51,12,12,10,2,24,2,2,96,3,.434,.302
22,21,鈴木　大地,(ロ),.260,143,588,508,56,132,27,5,11,202,52,6,5,3,4,55,1,18,85,7,.398,.350
23,22,外崎　修汰,(西),.258,135,489,438,65,113,22,3,10,171,48,23,3,10,3,33,0,5,109,4,.390,.315
24,23,大田　泰示,(日),.258,118,457,427,41,110,21,1,15,178,46,5,2,0,2,28,0,0,88,14,.417,.302
25,24,アマダー,(楽),.237,121,460,417,35,99,9,0,23,177,65,0,1,0,2,39,0,2,102,18,.424,.304
26,25,レアード,(日),.229,137,571,503,56,115,18,1,32,231,90,0,0,0,7,54,0,7,125,18,.459,.308
27,26,中村　剛也,(西),.217,115,486,415,69,90,14,0,27,185,79,1,0,0,6,61,1,4,118,12,.446,.319
28,27,中田　翔,(日),.216,129,542,472,56,102,23,0,16,173,67,0,1,0,4,61,0,5,103,14,.367,.310
2,1,ビシエド,(中),.348,135,582,512,91,178,26,1,26,284,99,3,4,0,4,51,4,15,61,24,.555,.419
3,2,坂本　勇人,(巨),.345,109,502,441,87,152,27,2,18,237,67,9,5,0,0,61,10,0,83,4,.537,.424
4,3,平田　良介,(中),.329,138,568,493,83,162,26,5,9,225,55,8,7,2,3,67,4,3,69,7,.456,.410
5,4,青木　宣親,(ヤ),.327,127,567,495,85,162,37,3,10,235,67,3,4,0,2,51,1,19,48,13,.475,.409
6,5,アルモンテ,(中),.321,132,546,498,56,160,37,0,15,242,77,1,1,0,3,44,1,1,95,16,.486,.375
7,6,鈴木　誠也,(広),.320,124,520,422,86,135,32,2,30,261,94,4,4,0,5,88,2,5,116,4,.618,.438
8,7,雄平,(ヤ),.318,125,482,446,50,142,19,1,11,196,67,6,1,0,2,33,5,1,62,13,.439,.365
9,8,宮﨑　敏郎,(デ),.318,142,590,551,71,175,34,0,28,293,71,0,0,0,0,38,3,1,45,16,.532,.363
10,9,坂口　智隆,(ヤ),.317,139,595,508,64,161,22,4,3,200,37,9,7,7,2,75,5,3,60,15,.394,.406
11,10,山田　哲人,(ヤ),.315,140,637,524,130,165,30,4,34,305,89,33,4,0,3,106,5,4,119,8,.582,.432
12,11,ソト,(デ),.310,107,459,416,74,129,16,0,41,268,95,0,1,0,5,29,2,9,100,5,.644,.364
13,12,岡本　和真,(巨),.309,143,616,540,82,167,26,0,33,292,100,2,1,0,0,72,1,4,120,11,.541,.394
14,13,糸井　嘉男,(神),.308,119,509,419,60,129,24,0,16,201,68,22,3,0,5,77,4,8,63,9,.480,.420
15,14,丸　佳浩,(広),.306,125,566,432,109,132,22,0,39,271,97,10,10,0,1,130,8,3,130,5,.627,.468
16,15,松山　竜平,(広),.302,124,446,397,46,120,25,2,12,185,74,2,0,0,5,42,4,2,46,10,.466,.368
17,16,筒香　嘉智,(デ),.295,139,580,495,77,146,33,1,38,295,89,0,0,0,3,80,7,2,107,10,.596,.393
18,17,ロペス,(デ),.288,110,459,441,46,127,23,0,26,228,77,0,0,0,1,16,1,1,58,12,.517,.314
19,18,野間　峻祥,(広),.286,126,447,405,64,116,14,7,5,159,46,17,10,4,2,30,0,6,69,2,.393,.343
20,19,糸原　健斗,(神),.286,143,637,531,79,152,29,4,1,192,35,6,4,9,4,86,1,7,73,5,.362,.390
21,20,マギー,(巨),.285,132,547,499,65,142,28,0,21,233,84,2,0,0,6,41,1,1,92,12,.467,.336
22,21,福留　孝介,(神),.280,123,499,414,57,116,26,2,14,188,72,2,1,0,7,73,2,5,90,10,.454,.389
23,22,大島　洋平,(中),.274,141,645,588,92,161,20,7,7,216,57,21,9,1,5,47,2,4,80,2,.367,.329
24,23,バレンティン,(ヤ),.268,142,602,514,72,138,22,0,38,274,131,1,1,0,3,85,5,0,121,15,.533,.370
25,24,田中　広輔,(広),.262,143,675,572,92,150,19,10,10,219,60,32,13,6,5,75,3,17,118,6,.383,.362
26,25,福田　永将,(中),.261,133,487,440,50,115,22,1,13,178,63,0,0,0,5,37,1,5,119,13,.405,.322
27,26,梅野　隆太郎,(神),.259,132,455,386,45,100,27,1,8,153,47,5,1,28,1,39,3,1,67,6,.396,.328
28,27,高橋　周平,(中),.254,128,477,433,35,110,26,2,11,173,69,0,0,8,3,30,1,3,89,9,.400,.305
29,28,亀井　善行,(巨),.254,123,461,422,47,107,20,0,13,166,49,4,0,0,1,36,2,2,70,6,.393,.315
30,29,西浦　直亨,(ヤ),.242,138,550,479,57,116,28,0,10,174,55,1,2,20,3,40,1,8,88,10,.363,.309
31,30,京田　陽太,(中),.235,143,632,578,73,136,15,7,4,177,44,20,10,26,3,19,0,6,111,12,.306,.266
32,31,菊池　涼介,(広),.233,139,642,557,85,130,27,1,13,198,60,10,2,30,1,51,2,3,111,5,.355,.301
2,1,柳田　悠岐,(ソ),.352,130,550,475,95,167,29,5,36,314,102,21,7,0,5,62,4,8,105,8,.661,.431
3,2,秋山　翔吾,(西),.323,143,685,603,107,195,39,8,24,322,82,15,10,0,1,77,4,4,96,3,.534,.403
4,3,近藤　健介,(日),.323,129,555,462,59,149,29,3,9,211,69,5,0,0,5,87,8,1,90,16,.457,.427
5,4,吉田　正尚,(オ),.321,143,598,514,77,165,37,2,26,284,86,3,1,0,8,69,10,7,74,9,.553,.403
6,5,浅村　栄斗,(西),.310,143,640,565,104,175,27,0,32,298,127,4,2,0,5,68,4,2,105,18,.527,.383
7,6,中村　晃,(ソ),.292,136,580,506,57,148,28,1,14,220,57,1,1,3,6,60,4,5,68,5,.435,.369
8,7,井上　晴哉,(ロ),.292,133,548,476,59,139,26,2,24,241,99,1,0,0,6,63,0,3,106,7,.506,.374
9,8,島内　宏明,(楽),.292,103,453,394,53,115,16,3,11,170,53,11,5,3,3,47,0,6,45,10,.431,.373
10,9,外崎　修汰,(西),.287,119,510,453,70,130,24,3,18,214,67,25,9,6,1,47,0,3,102,9,.472,.357
11,10,中村　奨吾,(ロ),.284,143,639,552,82,157,30,3,8,217,57,39,15,0,5,60,2,22,94,11,.393,.374
12,11,山川　穂高,(西),.281,143,647,541,115,152,24,1,47,319,124,0,0,0,2,88,2,16,138,5,.590,.396
13,12,西川　遥輝,(日),.278,140,636,528,90,147,25,6,10,214,48,44,3,7,2,96,1,3,103,1,.405,.391
14,13,源田　壮亮,(西),.278,143,666,594,92,165,27,9,4,222,57,34,8,14,6,48,0,4,101,7,.374,.333
15,14,銀次,(楽),.276,139,552,492,45,136,16,5,5,177,48,1,1,6,2,48,3,4,47,7,.360,.344
16,15,今江　年晶,(楽),.276,127,465,421,44,116,17,2,10,167,49,0,3,0,4,32,5,7,76,19,.397,.334
17,16,森　友哉,(西),.275,136,552,473,67,130,34,2,16,216,80,7,2,0,7,70,2,2,105,3,.457,.366
18,17,上林　誠知,(ソ),.270,143,608,551,88,149,26,14,22,269,62,13,4,17,3,30,4,7,117,2,.488,.315
19,18,鈴木　大地,(ロ),.266,143,558,477,44,127,27,6,8,190,49,8,4,14,6,44,2,17,55,11,.398,.346
20,19,角中　勝也,(ロ),.265,112,470,411,44,109,23,2,7,157,57,3,3,0,6,48,2,5,63,9,.382,.345
21,20,中田　翔,(日),.265,140,599,540,61,143,32,0,25,250,106,0,1,0,13,43,1,3,81,24,.463,.316
22,21,田中　和基,(楽),.265,105,465,423,67,112,11,1,18,179,45,21,6,4,1,37,0,0,101,4,.423,.323
23,22,中島　卓也,(日),.261,132,449,391,57,102,11,3,1,122,23,29,5,22,1,35,0,0,88,4,.312,.321
24,23,松田　宣浩,(ソ),.248,143,580,517,72,128,21,3,32,251,82,3,3,0,3,56,4,4,113,12,.485,.324
25,24,田村　龍弘,(ロ),.239,143,476,415,32,99,14,7,3,136,35,3,3,16,2,40,1,3,68,13,.328,.309
26,25,デスパイネ,(ソ),.238,116,469,407,62,97,15,1,29,201,74,0,0,0,3,55,4,4,93,13,.494,.333
27,26,ロメロ,(オ),.237,119,501,443,63,105,18,1,25,200,63,7,2,0,6,42,2,10,114,10,.451,.313
28,27,レアード,(日),.233,120,505,450,47,105,14,2,26,201,65,0,1,0,4,44,5,7,124,10,.447,.309
29,28,藤岡　裕大,(ロ),.230,143,611,535,58,123,15,5,5,163,42,14,13,26,1,44,1,5,97,9,.305,.294
30,29,安達　了一,(オ),.219,140,514,465,44,102,12,3,3,129,41,20,5,16,5,25,1,3,64,8,.277,.261
2,1,鈴木　誠也,(広),.335,140,612,499,112,167,31,0,28,282,87,25,16,0,3,103,12,7,81,3,.565,.453
3,2,ビシエド,(中),.315,143,594,534,56,168,43,0,18,265,93,2,1,0,6,41,9,13,88,22,.496,.374
4,3,糸井　嘉男,(神),.314,103,444,382,45,120,22,1,5,159,42,9,5,0,3,52,7,7,63,10,.416,.403
5,4,大島　洋平,(中),.312,143,623,558,89,174,23,3,3,212,45,30,7,3,3,50,3,9,78,5,.380,.376
6,5,坂本　勇人,(巨),.312,143,639,555,103,173,26,0,40,319,94,5,3,3,2,77,6,2,123,9,.575,.396
7,6,西川　龍馬,(広),.297,138,585,535,70,159,23,3,16,236,64,6,7,11,5,32,4,2,81,9,.441,.336
8,7,青木　宣親,(ヤ),.297,134,565,489,84,145,19,2,16,216,58,1,2,1,3,61,2,11,72,13,.442,.385
9,8,高橋　周平,(中),.293,117,471,430,50,126,28,5,7,185,59,3,4,5,1,32,7,3,70,10,.430,.345
10,9,丸　佳浩,(巨),.292,143,631,535,82,156,26,1,27,265,89,12,5,0,7,86,3,3,125,15,.495,.388
11,10,阿部　寿樹,(中),.291,129,484,447,51,130,24,3,7,181,59,1,0,3,2,31,3,1,82,9,.405,.337
12,11,亀井　善行,(巨),.284,131,503,450,67,128,27,2,13,198,55,9,1,3,5,45,3,0,91,6,.440,.346
13,12,宮﨑　敏郎,(デ),.284,114,473,433,54,123,22,1,15,192,49,0,0,0,5,32,2,3,35,13,.443,.334
14,13,バレンティン,(ヤ),.280,120,468,410,65,115,13,0,33,227,93,0,1,0,3,54,3,1,117,11,.554,.363
15,14,神里　和毅,(デ),.279,123,458,427,62,119,31,3,6,174,35,15,10,3,0,26,2,2,121,7,.407,.323
16,15,會澤　翼,(広),.277,126,447,376,38,104,21,2,12,165,63,2,1,3,0,58,5,10,81,6,.439,.387
17,16,雄平,(ヤ),.273,131,493,447,55,122,19,0,12,177,56,4,3,1,6,37,4,2,71,4,.396,.327
18,17,筒香　嘉智,(デ),.272,131,557,464,74,126,24,0,29,237,79,0,0,0,3,88,5,2,141,5,.511,.388
19,18,近本　光司,(神),.271,142,640,586,81,159,20,7,9,220,42,36,15,14,3,31,2,6,110,2,.375,.313
20,19,山田　哲人,(ヤ),.271,142,641,520,102,141,35,5,35,291,98,33,3,0,5,110,7,6,121,14,.560,.401
21,20,ソト,(デ),.269,141,584,516,82,139,18,0,43,286,108,0,0,0,4,59,4,5,98,14,.554,.348
22,21,中村　悠平,(ヤ),.269,126,450,372,42,100,24,2,5,143,36,1,4,13,2,53,3,10,64,11,.384,.373
23,22,糸原　健斗,(神),.267,143,572,491,66,131,20,4,2,165,45,6,5,11,3,60,2,7,70,7,.336,.353
24,23,梅野　隆太郎,(神),.266,129,492,433,49,115,22,3,9,170,59,14,3,16,3,34,4,6,83,16,.393,.326
25,24,岡本　和真,(巨),.265,143,628,555,84,147,29,0,31,269,94,3,0,2,3,62,3,6,132,15,.485,.343
26,25,菊池　涼介,(広),.261,138,619,547,77,143,36,2,13,222,48,14,5,28,2,41,0,1,102,5,.406,.313
27,26,大山　悠輔,(神),.258,143,587,538,52,139,33,1,14,216,76,3,0,1,4,39,3,5,98,12,.401,.312
28,27,京田　陽太,(中),.249,140,574,507,46,126,14,5,3,159,40,17,7,24,3,37,3,3,91,10,.314,.302
29,28,ロペス,(デ),.241,142,597,551,69,133,28,0,31,254,84,0,0,0,3,39,6,4,107,18,.461,.295
30,29,大和,(デ),.237,137,490,438,42,104,17,2,0,125,37,3,1,10,2,34,1,6,75,7,.285,.300
31,30,村上　宗隆,(ヤ),.231,143,593,511,76,118,20,0,36,246,96,5,4,0,3,74,5,5,184,9,.481,.332
2,1,森　友哉,(西),.329,135,573,492,96,162,34,2,23,269,105,3,2,1,6,72,3,2,89,9,.547,.413
3,2,吉田　正尚,(オ),.322,143,610,521,92,168,24,2,29,283,85,5,1,0,5,79,12,5,64,12,.543,.413
4,3,荻野　貴司,(ロ),.315,125,569,508,76,160,35,7,10,239,46,28,10,9,4,40,1,8,56,4,.470,.371
5,4,銀次,(楽),.304,141,590,529,56,161,24,1,5,202,56,2,5,4,1,52,2,4,58,19,.382,.370
6,5,秋山　翔吾,(西),.303,143,678,590,112,179,31,4,20,278,62,12,8,0,1,78,2,9,108,8,.471,.392
7,6,近藤　健介,(日),.302,138,600,490,74,148,32,5,2,196,59,1,4,0,5,103,3,2,81,11,.400,.422
8,7,大田　泰示,(日),.289,132,594,557,79,161,28,1,20,251,77,6,2,0,5,27,4,5,111,22,.451,.325
9,8,鈴木　大地,(ロ),.288,140,614,527,76,152,34,4,15,239,68,3,1,13,2,56,0,16,75,11,.454,.373
10,9,西川　遥輝,(日),.288,142,651,548,88,158,26,6,5,211,41,19,5,8,0,93,2,2,111,5,.385,.393
11,10,島内　宏明,(楽),.287,133,585,506,68,145,21,5,10,206,57,3,4,9,1,58,0,11,65,11,.407,.372
12,11,中村　剛也,(西),.286,135,557,496,69,142,30,0,30,262,123,2,1,0,3,54,5,4,123,12,.528,.359
13,12,茂木　栄五郎,(楽),.282,141,648,568,86,160,28,6,13,239,55,7,5,9,2,66,1,3,121,7,.421,.358
14,13,源田　壮亮,(西),.274,135,609,540,90,148,23,6,2,189,41,30,9,25,3,40,0,1,67,9,.350,.324
15,14,外崎　修汰,(西),.274,143,621,533,96,146,27,6,26,263,90,22,6,14,6,63,0,5,132,9,.493,.353
16,15,浅村　栄斗,(楽),.263,143,635,529,93,139,26,2,33,268,92,1,1,0,9,93,9,4,162,12,.507,.372
17,16,渡邉　諒,(日),.262,132,543,481,60,126,16,5,11,185,58,0,2,3,5,48,0,6,120,8,.385,.333
18,17,ブラッシュ,(楽),.261,128,527,426,66,111,20,0,33,230,95,2,3,0,3,81,2,17,157,7,.540,.397
19,18,松田　宣浩,(ソ),.260,143,576,534,64,139,25,2,30,258,76,5,3,2,4,33,4,3,115,14,.483,.305
20,19,甲斐　拓也,(ソ),.260,137,454,377,42,98,15,0,11,146,43,9,4,23,3,50,0,1,114,9,.387,.346
21,20,デスパイネ,(ソ),.259,130,519,448,61,116,9,0,36,233,88,0,1,0,3,63,1,5,119,6,.520,.355
22,21,内川　聖一,(ソ),.256,137,535,500,49,128,21,0,12,185,41,3,0,1,4,28,4,2,49,16,.370,.296
23,22,山川　穂高,(西),.256,143,626,524,93,134,20,0,43,283,120,1,0,0,3,86,8,13,142,13,.540,.372
24,23,栗山　巧,(西),.252,123,466,409,35,103,21,0,7,145,54,0,0,3,3,48,2,3,100,13,.355,.333
25,24,井上　晴哉,(ロ),.252,129,509,429,60,108,16,1,24,198,65,0,0,0,3,67,1,9,98,10,.462,.362
26,25,金子　侑司,(西),.251,133,524,463,60,116,8,1,3,135,33,41,10,6,3,49,1,3,81,3,.292,.324
27,26,福田　周平,(オ),.250,135,583,492,65,123,13,5,2,152,38,30,14,19,2,62,0,8,57,7,.309,.342
28,27,レアード,(ロ),.248,139,553,487,59,121,18,0,32,235,89,0,0,0,3,55,2,8,128,18,.483,.333
29,28,ウィーラー,(楽),.243,117,472,411,53,100,15,0,19,172,67,3,5,0,10,43,0,8,96,22,.418,.320
30,29,中田　翔,(日),.242,124,514,450,55,109,21,0,24,202,80,0,0,0,4,55,4,5,83,16,.449,.329
31,30,中村　奨吾,(ロ),.232,143,586,512,68,119,22,0,17,192,59,12,6,6,3,53,2,12,96,10,.375,.317
2,1,佐野　恵太,(デ),.328,106,451,402,48,132,20,1,20,214,69,0,0,0,3,42,1,4,58,13,.532,.395
3,2,梶谷　隆幸,(デ),.323,109,482,433,88,140,29,1,19,228,53,14,8,1,2,45,3,1,85,4,.527,.387
4,3,青木　宣親,(ヤ),.317,107,425,357,64,113,30,1,18,199,51,2,1,0,1,62,2,5,51,6,.557,.424
5,4,大島　洋平,(中),.316,118,525,462,58,146,21,3,1,176,30,16,8,9,3,47,3,4,51,5,.381,.382
6,5,村上　宗隆,(ヤ),.307,120,515,424,70,130,30,2,28,248,86,11,5,0,1,87,12,3,115,8,.585,.427
7,6,高橋　周平,(中),.305,108,438,394,46,120,25,1,7,168,46,1,1,0,3,39,6,2,70,13,.426,.368
8,7,宮﨑　敏郎,(デ),.301,113,460,429,47,129,26,1,14,199,53,0,0,0,3,24,2,4,29,15,.464,.341
9,8,鈴木　誠也,(広),.300,118,514,430,85,129,26,2,25,234,75,6,4,0,3,72,9,9,73,15,.544,.409
10,9,近本　光司,(神),.293,120,519,474,81,139,21,5,9,197,45,31,8,7,1,30,2,7,61,4,.416,.344
11,10,坂本　勇人,(巨),.289,115,479,412,64,119,28,1,19,206,65,4,1,1,4,62,7,0,85,9,.500,.379
12,11,大山　悠輔,(神),.288,116,471,423,66,122,21,5,28,237,85,1,3,1,1,41,6,5,96,15,.560,.357
13,12,丸　佳浩,(巨),.284,120,491,423,63,120,31,1,27,234,77,8,4,3,2,63,4,0,101,3,.553,.375
14,13,堂林　翔太,(広),.279,111,451,401,55,112,21,0,14,175,58,17,4,3,2,41,2,4,91,12,.436,.350
15,14,松山　竜平,(広),.277,108,425,404,38,112,27,1,9,168,67,0,1,0,3,17,4,1,72,11,.416,.306
16,15,岡本　和真,(巨),.275,118,500,440,79,121,26,0,31,240,97,2,0,0,0,55,2,5,85,10,.545,.362
17,16,吉川　尚輝,(巨),.274,112,389,354,47,97,16,2,8,141,32,11,3,2,0,30,4,3,60,6,.398,.336
18,17,エスコバー,(ヤ),.273,104,402,377,27,103,14,2,1,124,30,6,7,1,2,13,6,9,52,9,.329,.312
19,18,菊池　涼介,(広),.271,106,429,376,43,102,19,4,10,159,41,3,2,16,1,35,2,1,68,9,.423,.334
20,19,ビシエド,(中),.267,109,462,409,48,109,23,0,17,183,82,3,2,0,10,34,3,9,48,17,.447,.329
21,20,サンズ,(神),.257,110,443,377,47,97,16,0,19,170,64,2,1,0,2,61,2,3,106,11,.451,.363
22,21,阿部　寿樹,(中),.257,115,459,421,44,108,25,0,13,172,61,2,4,5,2,30,0,1,92,21,.409,.306
23,22,山田　哲人,(ヤ),.254,94,384,334,52,85,17,1,12,140,52,8,4,0,2,48,3,0,83,6,.419,.346
24,23,ソト,(デ),.252,114,480,428,59,108,18,0,25,201,78,0,0,0,5,44,0,3,103,12,.470,.323
25,24,田中　広輔,(広),.251,112,454,378,51,95,11,5,8,140,39,8,4,12,4,55,3,5,86,1,.370,.351
26,25,京田　陽太,(中),.247,120,491,442,43,109,16,7,5,154,29,8,4,15,1,27,4,6,80,4,.348,.298
27,26,坂口　智隆,(ヤ),.246,114,458,398,55,98,14,1,9,141,36,4,5,3,3,47,1,7,60,8,.354,.334
28,27,ボーア,(神),.243,99,379,329,27,80,8,0,17,139,45,1,1,0,2,45,5,3,88,13,.422,.338
2,1,吉田　正尚,(オ),.350,120,492,408,55,143,22,1,14,209,64,8,5,0,4,72,17,8,29,6,.512,.453
3,2,柳田　悠岐,(ソ),.342,119,515,427,90,146,23,5,29,266,86,7,2,0,3,84,8,1,103,2,.623,.449
4,3,近藤　健介,(日),.340,108,467,371,56,126,31,1,5,174,60,4,0,0,5,89,3,2,72,6,.469,.465
5,4,西川　遥輝,(日),.306,115,523,422,82,129,17,3,5,167,39,42,7,4,3,92,1,2,84,5,.396,.430
6,5,鈴木　大地,(楽),.295,120,546,478,71,141,27,1,4,182,55,1,3,12,3,46,0,7,58,18,.381,.363
7,6,小深田　大翔,(楽),.288,112,437,378,61,109,16,5,3,144,31,17,9,11,2,42,0,4,59,5,.381,.364
8,7,渡邉　諒,(日),.283,117,465,414,49,117,13,4,6,156,39,4,2,5,3,43,0,0,81,9,.377,.348
9,8,島内　宏明,(楽),.281,114,471,406,50,114,17,2,8,159,53,9,1,6,4,48,1,7,71,8,.392,.363
10,9,浅村　栄斗,(楽),.280,120,529,432,72,121,25,0,32,242,104,1,1,0,2,91,2,4,111,15,.560,.408
11,10,大田　泰示,(日),.275,115,481,455,57,125,16,1,14,185,68,3,3,0,0,25,1,1,105,11,.407,.314
12,11,ロメロ,(楽),.272,103,404,356,46,97,19,2,24,192,63,0,0,0,2,38,5,8,108,8,.539,.354
13,12,栗山　巧,(西),.272,111,428,372,37,101,22,0,12,159,67,0,0,0,2,53,2,1,77,10,.427,.362
14,13,中村　晃,(ソ),.271,100,413,362,43,98,13,2,6,133,50,0,0,3,6,39,0,3,47,4,.367,.341
15,14,源田　壮亮,(西),.270,120,518,455,67,123,14,5,1,150,21,18,8,22,2,38,0,1,80,6,.330,.327
16,15,スパンジェンバーグ,(西),.268,111,445,407,51,109,26,8,15,196,57,12,2,0,2,32,0,4,150,2,.482,.326
17,16,Ｔ－岡田,(オ),.256,100,377,328,36,84,18,0,16,150,55,5,3,0,5,40,1,4,87,11,.457,.340
18,17,森　友哉,(西),.251,104,405,358,46,90,15,2,9,136,38,4,2,2,4,38,0,3,67,7,.380,.325
19,18,中村　奨吾,(ロ),.249,120,499,422,57,105,25,0,8,154,49,6,3,15,2,52,1,8,97,6,.365,.341
20,19,外崎　修汰,(西),.247,120,500,433,62,107,18,2,8,153,43,21,7,7,2,54,1,4,87,7,.353,.335
21,20,井上　晴哉,(ロ),.245,113,447,376,44,92,11,0,15,148,67,0,0,0,4,59,2,8,93,11,.394,.356
22,21,栗原　陵矢,(ソ),.243,118,500,440,52,107,21,3,17,185,73,5,5,11,6,38,0,5,90,7,.420,.307
23,22,中田　翔,(日),.239,119,506,440,52,105,18,0,31,216,108,1,0,0,9,55,3,2,109,19,.491,.320
24,23,マーティン,(ロ),.234,104,448,359,72,84,15,0,25,174,65,7,2,0,2,70,5,17,100,10,.485,.382
25,24,松田　宣浩,(ソ),.228,116,431,395,36,90,16,3,13,151,46,1,0,0,3,32,0,1,76,2,.382,.285
26,25,安田　尚憲,(ロ),.221,113,460,393,32,87,19,1,6,126,54,2,1,0,4,62,1,1,106,10,.321,.326
27,26,山川　穂高,(西),.205,102,401,322,47,66,7,0,24,145,73,0,0,0,2,64,4,13,100,6,.450,.357
2,1,鈴木　誠也,(広),.317,132,533,435,77,138,26,0,38,278,88,9,4,0,5,87,11,6,88,7,.639,.433
3,2,坂倉　将吾,(広),.315,132,484,422,58,133,24,2,12,197,68,4,3,2,5,51,1,4,60,9,.467,.390
4,3,牧　秀悟,(デ),.314,137,523,487,73,153,35,3,22,260,71,2,1,1,2,27,1,6,85,16,.534,.356
5,4,近本　光司,(神),.313,140,612,569,91,178,33,5,10,251,50,24,7,4,2,33,0,4,58,6,.441,.354
6,5,桑原　将志,(デ),.310,135,571,519,84,161,39,2,14,246,43,12,7,4,0,44,1,4,75,12,.474,.369
7,6,佐野　恵太,(デ),.303,143,615,545,73,165,34,2,17,254,72,0,1,0,4,61,1,5,73,14,.466,.376
8,7,宮﨑　敏郎,(デ),.301,141,569,519,61,156,32,0,16,236,73,0,0,0,5,41,3,4,53,15,.455,.353
9,8,小園　海斗,(広),.298,113,481,449,65,134,18,6,5,179,35,4,4,12,4,13,1,3,57,7,.399,.320
10,9,大島　洋平,(中),.292,141,596,548,54,160,19,5,1,192,34,16,8,1,2,42,5,3,60,4,.350,.345
11,10,西川　龍馬,(広),.286,137,551,504,57,144,19,1,12,201,60,3,3,4,4,37,1,2,70,14,.399,.335
12,10,糸原　健斗,(神),.286,125,488,441,34,126,17,3,2,155,30,6,5,1,3,41,0,2,61,9,.351,.347
13,12,中村　悠平,(ヤ),.279,123,445,377,47,105,24,0,2,135,36,0,3,14,4,46,0,4,66,10,.358,.360
14,13,塩見　泰隆,(ヤ),.278,140,534,474,80,132,21,7,14,209,59,21,5,2,0,48,1,10,156,1,.441,.357
15,14,村上　宗隆,(ヤ),.278,143,615,500,82,139,27,0,39,283,112,12,7,0,3,106,6,6,133,12,.566,.408
16,15,菊池　涼介,(広),.277,132,542,494,64,137,23,2,16,212,60,1,5,2,3,42,2,1,86,8,.429,.333
17,16,ビシエド,(中),.275,130,526,480,44,132,23,1,17,208,70,1,2,0,3,35,9,8,56,15,.433,.333
18,17,松原　聖弥,(巨),.274,135,477,431,69,118,20,4,12,182,37,15,7,3,3,38,0,2,100,4,.422,.333
19,18,中野　拓夢,(神),.273,135,525,466,45,127,15,4,1,153,36,30,2,20,4,29,5,6,81,6,.328,.321
20,19,山田　哲人,(ヤ),.272,137,581,493,84,134,18,0,34,254,101,4,3,0,7,76,0,5,100,10,.515,.370
21,20,坂本　勇人,(巨),.271,117,487,424,53,115,26,0,19,198,46,2,3,2,2,58,4,1,90,4,.467,.359
22,21,丸　佳浩,(巨),.265,118,457,392,58,104,21,0,23,194,55,5,3,0,2,63,0,0,120,5,.495,.365
23,22,岡本　和真,(巨),.265,143,592,521,71,138,19,1,39,276,113,1,1,0,7,57,4,7,108,16,.530,.341
24,23,大山　悠輔,(神),.260,129,512,466,55,121,23,2,21,211,71,2,1,0,7,37,1,2,89,15,.453,.313
25,24,高橋　周平,(中),.259,137,520,475,40,123,27,0,5,165,39,1,0,0,4,40,4,1,79,21,.347,.315
26,25,オスナ,(ヤ),.258,120,495,469,42,121,24,2,13,188,60,3,0,0,2,22,2,2,80,18,.401,.293
27,26,マルテ,(神),.258,128,526,446,55,115,18,1,22,201,71,0,0,0,2,74,3,4,72,16,.451,.367
28,26,青木　宣親,(ヤ),.258,122,501,446,57,115,29,0,9,171,56,0,0,0,2,43,1,10,44,10,.383,.335
29,28,京田　陽太,(中),.257,113,448,409,41,105,7,4,3,129,24,6,5,8,3,21,0,7,75,5,.315,.302
30,29,サンズ,(神),.248,120,461,408,47,101,21,1,20,184,65,1,1,0,3,49,5,1,89,11,.451,.328
31,30,佐藤　輝明,(神),.238,126,455,425,56,101,25,0,24,198,64,6,2,0,2,25,4,3,173,2,.466,.284
32,31,ソト,(デ),.234,123,451,410,42,96,18,1,21,179,62,0,1,0,1,35,4,5,116,12,.437,.302
33,32,梅野　隆太郎,(神),.225,130,458,404,33,91,15,3,3,121,33,8,4,6,2,41,3,5,107,14,.300,.303
2,1,吉田　正尚,(オ),.339,110,455,389,61,132,22,1,21,219,72,0,0,0,3,58,6,5,26,9,.563,.429
3,2,森　友哉,(西),.309,125,520,431,70,133,32,2,11,202,41,5,2,1,3,79,3,6,65,4,.469,.420
4,3,杉本　裕太郎,(オ),.301,134,542,478,73,144,20,2,32,264,83,3,3,0,3,51,4,10,116,15,.552,.378
5,4,柳田　悠岐,(ソ),.300,141,593,516,95,155,36,2,28,279,80,6,0,0,2,69,8,6,122,6,.541,.388
6,5,近藤　健介,(日),.298,133,545,447,61,133,37,4,11,211,69,4,1,0,6,88,3,4,84,11,.472,.413
7,6,荻野　貴司,(ロ),.296,143,643,570,86,169,33,5,10,242,45,24,11,5,3,53,0,12,70,5,.425,.367
8,7,中村　剛也,(西),.284,123,475,430,50,122,13,0,18,189,74,0,0,0,4,39,3,2,114,12,.440,.343
9,8,中村　奨吾,(ロ),.283,143,615,506,78,143,36,2,9,210,67,12,7,15,8,76,1,10,90,8,.415,.382
10,9,岡島　豪郎,(楽),.280,126,507,461,40,129,30,4,8,191,56,3,6,5,4,28,1,9,94,9,.414,.331
11,10,鈴木　大地,(楽),.277,143,628,552,70,153,19,3,10,208,53,3,2,13,5,52,0,6,51,12,.377,.343
12,11,栗原　陵矢,(ソ),.275,143,596,531,71,146,32,3,21,247,77,7,2,3,7,53,1,2,90,9,.465,.339
13,12,福田　周平,(オ),.275,107,471,408,47,112,14,1,1,131,21,9,1,10,2,43,0,8,52,6,.321,.354
14,13,宗　佑磨,(オ),.272,139,543,481,71,131,17,7,9,189,42,8,4,14,2,33,1,13,62,15,.393,.335
15,14,源田　壮亮,(西),.272,119,516,464,60,126,15,7,2,161,29,24,9,17,2,31,0,2,67,5,.347,.319
16,15,浅村　栄斗,(楽),.269,143,595,483,70,130,18,1,18,204,67,1,0,0,7,101,5,4,96,24,.422,.395
17,16,レアード,(ロ),.262,136,545,485,57,127,18,0,29,232,95,0,1,0,7,50,4,3,109,15,.478,.330
18,17,茂木　栄五郎,(楽),.259,120,466,410,50,106,19,4,14,175,53,6,5,0,2,48,0,6,107,6,.427,.343
19,18,島内　宏明,(楽),.257,141,599,486,64,125,34,5,21,232,96,2,2,2,6,97,2,8,87,15,.477,.385
20,19,藤岡　裕大,(ロ),.255,137,493,432,41,110,21,3,3,146,37,10,3,18,1,40,2,2,95,7,.338,.320
21,20,栗山　巧,(西),.251,117,446,387,33,97,15,0,4,124,43,1,0,0,7,49,1,3,58,11,.320,.334
22,21,淺間　大基,(日),.251,128,458,411,42,103,17,2,5,139,31,8,4,7,4,31,2,5,115,5,.338,.308
23,22,小深田　大翔,(楽),.248,121,455,391,60,97,10,3,3,122,21,5,5,16,1,44,0,3,65,1,.312,.328
24,23,中村　晃,(ソ),.245,139,552,462,49,113,20,2,8,161,56,1,1,11,6,70,3,3,59,8,.348,.344
25,24,呉　念庭,(西),.238,130,478,425,43,101,17,0,10,148,48,3,2,4,3,43,1,3,70,3,.348,.310
26,25,マーティン,(ロ),.233,116,499,416,66,97,30,0,27,208,75,4,1,0,3,70,3,10,132,9,.500,.355
27,26,西川　遥輝,(日),.233,130,547,447,68,104,19,5,3,142,35,24,11,3,4,89,1,4,99,3,.318,.362
28,27,紅林　弘太郎,(オ),.228,136,473,448,37,102,22,2,10,158,48,2,1,6,4,12,0,3,101,11,.353,.251
29,28,甲斐　拓也,(ソ),.227,143,479,405,42,92,15,0,12,143,44,6,6,26,2,44,0,2,142,7,.353,.305
30,29,辰己　涼介,(楽),.225,130,443,374,49,84,13,1,10,129,32,6,6,11,1,51,0,6,99,7,.345,.326
2,1,村上　宗隆,(ヤ),.318,141,612,487,114,155,21,1,56,346,134,12,7,0,0,118,25,7,128,7,.710,.458
3,2,大島　洋平,(中),.314,109,482,436,48,137,18,1,1,160,20,11,4,3,0,34,5,9,52,1,.367,.376
4,3,佐野　恵太,(デ),.306,133,574,526,63,161,29,1,22,258,72,2,1,0,1,43,3,4,57,14,.490,.362
5,4,宮﨑　敏郎,(デ),.300,122,482,434,51,130,24,1,16,204,50,0,0,0,2,44,9,2,35,16,.470,.365
6,5,ビシエド,(中),.294,129,532,483,52,142,27,0,14,211,63,1,1,0,2,40,2,7,59,20,.437,.355
7,6,近本　光司,(神),.293,132,580,525,71,154,16,3,3,185,34,30,5,6,1,41,0,7,63,7,.352,.352
8,7,岡林　勇希,(中),.291,142,608,553,58,161,25,10,0,206,32,24,6,22,1,29,1,3,67,4,.373,.329
9,8,牧　秀悟,(デ),.291,135,568,509,63,148,36,1,24,258,87,3,3,0,6,43,4,10,82,14,.507,.354
10,9,坂倉　将吾,(広),.288,143,599,539,73,155,18,3,16,227,68,2,1,0,4,46,3,10,81,14,.421,.352
11,10,吉川　尚輝,(巨),.277,132,567,516,64,143,20,6,7,196,31,16,7,10,1,32,0,8,53,6,.380,.329
12,11,中野　拓夢,(神),.276,135,610,569,69,157,16,3,6,197,25,23,7,19,1,18,0,3,89,9,.346,.301
13,12,塩見　泰隆,(ヤ),.276,130,567,508,83,140,30,6,16,230,54,24,7,1,3,43,1,12,122,6,.453,.345
14,13,丸　佳浩,(巨),.272,143,607,525,81,143,31,1,27,257,65,6,7,1,0,80,1,1,88,8,.490,.370
15,14,マクブルーム,(広),.272,128,508,448,57,122,25,0,17,198,74,0,0,0,3,52,2,5,105,13,.442,.352
16,15,オスナ,(ヤ),.272,138,529,496,49,135,19,2,20,218,74,2,3,0,3,29,4,1,93,11,.440,.312
17,16,阿部　寿樹,(中),.270,133,548,486,44,131,31,2,9,193,57,3,1,3,6,49,0,4,105,14,.397,.338
18,17,大山　悠輔,(神),.267,124,510,439,54,117,18,1,23,206,87,0,1,1,5,59,5,6,103,17,.469,.358
19,18,小園　海斗,(広),.266,127,511,473,57,126,12,6,7,171,38,2,2,8,5,24,2,1,76,11,.362,.300
20,19,佐藤　輝明,(神),.264,143,603,541,70,143,35,8,20,254,84,11,3,0,7,51,5,4,137,5,.470,.328
21,20,菊池　涼介,(広),.262,123,522,462,51,121,25,1,6,166,45,2,3,32,2,24,0,2,70,7,.359,.300
22,21,桑原　将志,(デ),.257,130,529,475,61,122,32,1,4,168,39,13,8,7,1,42,0,4,89,3,.354,.322
23,22,岡本　和真,(巨),.252,140,589,520,63,131,21,1,30,244,82,1,1,0,2,58,7,9,94,11,.469,.336
24,23,糸原　健斗,(神),.247,132,495,445,31,110,12,1,3,133,36,2,3,6,4,35,1,5,48,7,.299,.307
25,24,木下　拓哉,(中),.246,120,466,419,24,103,16,3,6,143,48,2,0,12,6,27,3,1,38,5,.341,.289
26,25,山田　哲人,(ヤ),.243,130,540,469,69,114,31,0,23,214,65,10,2,0,5,60,1,6,140,7,.456,.333
27,26,長岡　秀樹,(ヤ),.241,139,548,511,44,123,22,0,9,172,48,2,3,10,3,20,1,4,72,10,.337,.273
28,27,ポランコ,(巨),.240,138,484,438,55,105,21,1,24,200,58,2,3,0,3,42,1,1,109,6,.457,.306
2,1,松本　剛,(日),.347,117,445,395,48,137,23,2,3,173,44,21,5,10,4,32,5,4,42,13,.438,.398
3,2,吉田　正尚,(オ),.335,119,508,412,56,138,28,1,21,231,88,4,0,0,7,80,18,9,41,11,.561,.447
4,3,島内　宏明,(楽),.298,142,613,541,59,161,36,3,14,245,77,5,3,2,3,63,1,4,82,16,.453,.373
5,4,今宮　健太,(ソ),.296,130,510,450,56,133,30,0,7,184,47,3,4,19,1,37,0,3,71,14,.409,.352
6,5,中川　圭太,(オ),.283,110,468,424,54,120,25,9,8,187,51,11,2,8,6,26,2,4,79,5,.441,.326
7,6,柳田　悠岐,(ソ),.275,117,491,437,63,120,18,1,24,212,79,2,3,0,5,43,6,6,106,6,.485,.344
8,7,髙部　瑛斗,(ロ),.274,137,608,541,66,148,16,6,3,185,38,44,10,22,3,36,1,6,103,12,.342,.324
9,8,辰己　涼介,(楽),.271,120,476,409,60,111,14,3,11,164,35,12,5,13,1,42,1,11,103,7,.401,.354
10,9,宗　佑磨,(オ),.271,130,537,469,55,127,23,1,5,167,43,4,5,9,6,45,2,8,81,11,.356,.341
11,10,福田　周平,(オ),.268,118,502,448,65,120,11,6,0,143,24,9,7,14,0,32,0,8,50,8,.319,.328
12,11,小深田　大翔,(楽),.267,118,479,424,54,113,16,5,2,145,29,21,7,12,3,37,0,3,65,6,.342,.328
13,12,源田　壮亮,(西),.266,108,456,414,39,110,8,8,2,140,17,12,4,11,0,30,0,1,72,6,.338,.317
14,13,山川　穂高,(西),.266,129,528,448,62,119,17,0,41,259,90,0,0,0,1,68,13,11,114,12,.578,.375
15,14,鈴木　大地,(楽),.257,125,477,408,39,105,19,0,5,139,35,4,2,9,4,38,0,18,52,11,.341,.344
16,15,中村　奨吾,(ロ),.257,138,596,498,52,128,31,0,12,195,68,15,6,9,9,70,3,10,86,13,.392,.354
17,16,浅村　栄斗,(楽),.252,143,633,532,73,134,17,0,27,232,86,4,3,0,4,92,7,5,137,13,.436,.365
18,17,紅林　弘太郎,(オ),.224,130,495,450,35,101,20,2,6,143,32,2,2,10,2,26,1,6,71,14,.318,.275
19,18,清宮　幸太郎,(日),.219,129,461,406,52,89,25,3,18,174,55,4,5,2,2,45,2,6,113,6,.429,.305
20,19,西川　遥輝,(楽),.218,108,451,372,58,81,17,4,7,127,37,19,8,6,2,68,0,3,103,2,.341,.342
21,20,外崎　修汰,(西),.215,132,547,478,54,103,25,3,12,170,47,10,6,11,3,52,0,3,113,12,.356,.295
22,21,オグレディ,(西),.213,123,465,404,42,86,24,0,15,155,46,2,1,0,2,54,3,5,129,8,.384,.312
2,1,宮﨑　敏郎,(デ),.326,124,461,408,47,133,27,0,20,220,71,1,0,0,4,41,6,8,43,14,.539,.395
3,2,西川　龍馬,(広),.305,109,443,416,48,127,20,1,9,176,56,7,6,1,4,21,4,1,52,10,.423,.337
4,3,サンタナ,(ヤ),.300,136,516,467,52,140,32,0,18,226,66,2,0,0,3,44,1,2,114,17,.484,.360
5,4,牧　秀悟,(デ),.293,143,605,559,78,164,39,3,29,296,103,2,2,0,6,33,3,7,85,17,.530,.337
6,5,大島　洋平,(中),.289,130,494,470,34,136,17,2,0,157,23,6,1,1,3,15,1,5,43,7,.334,.316
7,6,大山　悠輔,(神),.288,143,625,513,80,148,29,0,19,234,78,3,3,0,8,99,5,5,120,13,.456,.403
8,7,坂本　勇人,(巨),.288,116,455,403,46,116,29,0,22,211,60,2,0,3,2,45,3,2,84,5,.524,.361
9,8,近本　光司,(神),.285,129,585,501,83,143,24,12,8,215,54,28,3,0,5,67,2,12,71,6,.429,.379
10,9,中野　拓夢,(神),.285,143,660,575,80,164,17,5,2,197,40,20,12,21,5,57,2,2,107,5,.343,.349
11,10,大城　卓三,(巨),.281,134,490,424,50,119,20,1,16,189,55,0,0,21,4,36,3,5,109,12,.446,.341
12,11,岡林　勇希,(中),.279,143,633,584,61,163,21,10,3,213,31,12,8,9,1,39,1,0,89,11,.365,.324
13,12,岡本　和真,(巨),.278,140,589,503,83,140,31,0,41,294,93,0,1,0,6,72,10,8,111,10,.584,.374
14,13,秋山　翔吾,(広),.274,115,483,434,48,119,20,6,4,163,38,8,3,9,1,35,3,4,81,12,.376,.333
15,14,木浪　聖也,(神),.267,127,470,408,41,109,22,1,1,136,41,0,0,20,7,31,12,4,103,13,.333,.320
16,15,坂倉　将吾,(広),.266,120,448,395,48,105,19,1,12,162,44,3,0,1,2,47,6,3,67,9,.410,.347
17,16,佐野　恵太,(デ),.264,141,613,560,67,148,26,2,13,217,65,0,2,0,3,46,4,4,77,9,.388,.323
18,17,佐藤　輝明,(神),.263,132,548,486,70,128,30,6,24,242,92,7,5,0,4,54,5,4,139,4,.498,.339
19,18,関根　大気,(デ),.261,140,532,482,69,126,17,3,4,161,31,11,3,16,1,29,1,4,53,5,.334,.308
20,19,菊池　涼介,(広),.258,120,485,442,51,114,17,0,5,146,27,7,5,8,1,32,1,2,68,6,.330,.310
21,20,村上　宗隆,(ヤ),.256,140,597,496,76,127,28,0,31,248,84,5,3,0,4,90,4,7,168,6,.500,.375
22,21,吉川　尚輝,(巨),.256,132,478,430,47,110,19,4,7,158,36,4,4,11,3,26,2,8,66,12,.367,.308
23,22,オスナ,(ヤ),.253,134,543,501,49,127,23,0,23,219,71,2,4,0,2,39,5,1,79,13,.437,.308
24,23,細川　成也,(中),.253,140,576,518,62,131,30,1,24,235,78,0,0,0,1,49,3,8,161,17,.454,.326
25,24,桑原　将志,(デ),.252,132,479,429,48,108,23,4,7,160,35,3,8,11,6,23,0,10,54,11,.373,.301
26,25,石川　昂弥,(中),.242,121,464,434,32,105,27,0,13,171,45,0,0,0,4,22,2,4,69,10,.394,.282
27,26,ノイジー,(神),.240,133,516,475,42,114,13,1,9,156,56,0,0,0,3,36,0,2,85,13,.328,.295
28,27,長岡　秀樹,(ヤ),.227,135,488,445,43,101,19,1,3,131,35,4,2,7,2,29,5,5,57,11,.294,.281
2,1,頓宮　裕真,(オ),.307,113,451,401,49,123,23,0,16,194,49,0,0,1,2,41,0,6,69,11,.484,.378
3,2,近藤　健介,(ソ),.303,143,613,492,75,149,33,0,26,260,87,3,4,0,6,109,7,6,117,7,.528,.431
4,3,柳田　悠岐,(ソ),.299,143,625,546,57,163,29,3,22,264,85,1,0,0,6,64,1,9,97,9,.484,.378
5,4,森　友哉,(オ),.294,110,453,384,49,113,24,2,18,195,64,4,1,1,7,54,4,7,61,9,.508,.385
6,5,松本　剛,(日),.276,134,561,507,51,140,16,2,3,169,30,12,12,7,3,37,3,7,57,11,.333,.332
7,6,紅林　弘太郎,(オ),.275,127,482,443,37,122,19,1,8,167,39,4,6,7,3,28,0,1,63,19,.377,.318
8,7,中村　晃,(ソ),.274,136,585,511,52,140,13,2,5,172,37,0,2,7,4,60,3,3,53,8,.337,.351
9,8,浅村　栄斗,(楽),.274,143,601,522,64,143,20,0,26,241,78,2,1,0,1,75,4,3,108,9,.462,.368
10,9,中川　圭太,(オ),.269,135,563,506,66,136,29,5,12,211,55,5,5,6,1,43,0,7,90,9,.417,.334
11,10,万波　中正,(日),.265,141,582,533,69,141,33,0,25,249,74,2,1,2,2,41,2,4,138,12,.467,.321
12,11,辰己　涼介,(楽),.263,133,495,434,45,114,16,5,9,167,43,13,4,8,1,40,0,12,99,3,.385,.341
13,12,外崎　修汰,(西),.260,136,571,503,60,131,28,3,12,201,54,26,3,3,4,56,0,5,114,11,.400,.338
14,13,マキノン,(西),.259,127,514,464,50,120,17,2,15,186,50,1,1,0,2,48,0,0,91,7,.401,.327
15,14,小深田　大翔,(楽),.258,134,549,477,67,123,8,6,5,158,37,36,6,20,1,48,0,3,83,8,.331,.329
16,15,今宮　健太,(ソ),.255,126,484,427,38,109,22,0,9,158,48,4,0,24,4,27,1,2,58,14,.370,.300
17,16,マルティネス,(日),.246,119,444,386,39,95,24,0,15,164,66,0,4,0,3,44,0,11,99,15,.425,.338
18,17,宗　佑磨,(オ),.245,122,478,428,38,105,17,3,2,134,22,1,1,9,1,36,1,4,55,9,.313,.309
19,18,ポランコ,(ロ),.242,125,497,447,43,108,15,0,26,201,75,0,0,0,3,47,5,0,92,3,.450,.312
20,19,安田　尚憲,(ロ),.238,122,472,416,33,99,24,0,9,150,43,2,0,0,5,49,2,2,95,10,.361,.318
21,20,野村　佑希,(日),.236,125,473,423,42,100,21,1,13,162,43,4,1,0,4,42,0,4,112,3,.383,.309
22,21,山口　航輝,(ロ),.235,115,474,421,46,99,21,0,14,162,57,0,0,0,5,43,6,5,122,7,.385,.310
23,22,中村　奨吾,(ロ),.220,137,584,508,61,112,23,0,11,168,48,3,1,13,4,52,2,7,89,20,.331,.299
